DATE,OPEN,HIGH,LOW,CLOSE,VOLUME,CHANGE
2019-10-31 00:00:00,16.41,16.35,16.43,16.1,5720000,0.61
2019-10-30 00:00:00,16.31,16.48,16.48,16.19,6450000,-0.91
2019-10-29 00:00:00,16.46,16.32,16.55,16.22,6490000,0.18
2019-10-28 00:00:00,16.43,16.28,16.48,16.27,5540000,1.67
2019-10-25 00:00:00,16.16,15.91,16.2,15.9,6350000,1.7
2019-10-24 00:00:00,15.89,16.17,16.23,15.68,8470000,-0.81
2019-10-23 00:00:00,16.02,15.9,16.2,15.7,10990000,0.44
2019-10-22 00:00:00,15.95,16.02,16.09,15.87,10870000,-0.13
2019-10-21 00:00:00,15.97,15.85,16.41,15.79,19510000,4.04
2019-10-18 00:00:00,15.35,15.23,15.39,15.2,9990000,0.92
2019-10-17 00:00:00,15.21,15.08,15.29,15.03,4790000,0.8
2019-10-16 00:00:00,15.09,15.17,15.21,15.04,5210000,-0.33
2019-10-15 00:00:00,15.14,14.94,15.27,14.69,7610000,1.27
2019-10-14 00:00:00,14.95,14.62,14.95,14.59,8740000,4.18
2019-10-11 00:00:00,14.35,14.36,14.54,14.28,6510000,1.7
2019-10-10 00:00:00,14.11,14.01,14.25,13.98,4460000,0.28
2019-10-09 00:00:00,14.07,13.97,14.22,13.95,6330000,1.59
2019-10-08 00:00:00,13.85,14.19,14.21,13.82,12040000,-3.48
2019-10-07 00:00:00,14.35,14.4,14.66,14.33,8260000,-0.35
2019-10-04 00:00:00,14.4,14.51,14.51,14.24,9750000,-0.69
2019-10-03 00:00:00,14.5,14.39,14.5,14.05,5810000,0.42
2019-10-02 00:00:00,14.44,14.53,14.55,14.31,7440000,-1.43
2019-10-01 00:00:00,14.65,15.31,15.39,14.64,7920000,-3.43
2019-09-30 00:00:00,15.17,15.0,15.32,14.99,11160000,1.13
2019-09-27 00:00:00,15.0,14.74,15.1,14.69,10220000,2.53
2019-09-26 00:00:00,14.63,14.53,14.7,14.35,6990000,0.27
2019-09-25 00:00:00,14.59,14.25,14.67,14.19,8090000,2.39
2019-09-24 00:00:00,14.25,14.43,14.57,14.14,16090000,-1.04
2019-09-23 00:00:00,14.4,14.3,14.48,14.21,12100000,-0.21
2019-09-20 00:00:00,14.43,14.87,14.93,14.35,19610000,-2.83
2019-09-19 00:00:00,14.85,14.79,14.97,14.69,14550000,0.75
2019-09-18 00:00:00,14.74,14.87,14.99,14.62,12730000,-1.67
2019-09-17 00:00:00,14.99,15.01,15.01,14.75,7260000,-0.86
2019-09-16 00:00:00,15.12,15.19,15.37,15.09,11460000,-1.31
2019-09-13 00:00:00,15.32,15.35,15.4,15.21,9230000,-0.26
2019-09-12 00:00:00,15.36,15.34,15.46,15.1,8500000,-0.07
2019-09-11 00:00:00,15.37,15.15,15.4,14.92,7940000,1.86
2019-09-10 00:00:00,15.09,14.86,15.17,14.86,10400000,0.94
2019-09-09 00:00:00,14.95,14.66,15.04,14.63,12950000,2.61
2019-09-06 00:00:00,14.57,14.47,14.61,14.39,8600000,1.18
2019-09-05 00:00:00,14.4,13.95,14.5,13.91,9380000,4.73
2019-09-04 00:00:00,13.75,13.61,13.78,13.53,6930000,1.93
2019-09-03 00:00:00,13.49,13.67,13.75,13.38,7910000,-2.39
2019-08-30 00:00:00,13.82,13.85,13.92,13.68,8840000,1.02
2019-08-29 00:00:00,13.68,13.69,13.82,13.63,11200000,2.32
2019-08-28 00:00:00,13.37,13.5,13.83,13.09,15020000,3.4
2019-08-27 00:00:00,12.93,13.05,13.17,12.87,14240000,-0.08
2019-08-26 00:00:00,12.94,12.92,13.06,12.79,8710000,1.49
2019-08-23 00:00:00,12.75,13.03,13.28,12.69,12130000,-3.77
2019-08-22 00:00:00,13.25,13.16,13.32,13.03,7900000,1.38
2019-08-21 00:00:00,13.07,13.13,13.23,12.94,7450000,1.0
2019-08-20 00:00:00,12.94,12.94,13.06,12.87,5080000,-1.3
2019-08-19 00:00:00,13.11,12.99,13.22,12.99,7200000,2.42
2019-08-16 00:00:00,12.8,12.8,12.88,12.73,10820000,0.95
2019-08-15 00:00:00,12.68,12.88,12.97,12.52,11020000,-1.4
2019-08-14 00:00:00,12.86,13.11,13.16,12.84,11300000,-4.03
2019-08-13 00:00:00,13.4,13.09,13.68,13.03,12050000,2.45
2019-08-12 00:00:00,13.08,13.24,13.29,13.0,6960000,-2.32
2019-08-09 00:00:00,13.39,13.46,13.55,13.29,11270000,-1.18
2019-08-08 00:00:00,13.55,13.14,13.58,13.11,10870000,3.75
2019-08-07 00:00:00,13.06,12.88,13.14,12.77,8029999,-0.08
2019-08-06 00:00:00,13.07,13.17,13.2,12.92,9590000,1.32
2019-08-05 00:00:00,12.9,13.02,13.11,12.61,15210000,-2.79
2019-08-02 00:00:00,13.27,13.74,13.84,13.02,21670000,-6.15
2019-08-01 00:00:00,14.14,14.33,14.71,14.11,7900000,-1.6
2019-07-31 00:00:00,14.37,14.63,14.66,14.23,8330000,-1.64
2019-07-30 00:00:00,14.61,14.56,14.76,14.51,5360000,-0.34
2019-07-29 00:00:00,14.66,14.59,14.74,14.56,6050000,0.21
2019-07-26 00:00:00,14.63,14.54,14.73,14.46,6890000,0.83
2019-07-25 00:00:00,14.51,14.72,14.72,14.44,8820000,-1.56
2019-07-24 00:00:00,14.74,14.64,14.85,14.59,8070000,0.89
2019-07-23 00:00:00,14.61,14.4,14.65,14.37,8770000,2.17
2019-07-22 00:00:00,14.3,14.8,14.87,14.26,11950000,-3.64
2019-07-19 00:00:00,14.84,14.79,14.96,14.78,5770000,0.61
2019-07-18 00:00:00,14.75,14.61,14.82,14.6,8279999,0.41
2019-07-17 00:00:00,14.69,14.8,14.85,14.67,7100000,-0.81
2019-07-16 00:00:00,14.81,14.98,15.03,14.79,7000000,-1.0
2019-07-15 00:00:00,14.96,14.89,15.05,14.87,4660000,0.34
2019-07-12 00:00:00,14.91,14.64,14.97,14.64,8060000,2.12
2019-07-11 00:00:00,14.6,14.79,14.88,14.48,12930000,-1.15
2019-07-10 00:00:00,14.77,15.01,15.13,14.76,7080000,-0.67
2019-07-09 00:00:00,14.87,14.92,14.94,14.65,7480000,-1.06
2019-07-08 00:00:00,15.03,15.08,15.08,14.86,7340000,-0.92
2019-07-05 00:00:00,15.17,15.16,15.29,15.03,6020000,-0.78
2019-07-03 00:00:00,15.29,15.07,15.31,15.04,6050000,1.39
2019-07-02 00:00:00,15.08,15.13,15.22,14.96,7440000,-0.4
2019-07-01 00:00:00,15.14,15.24,15.48,15.04,10220000,1.27
2019-06-28 00:00:00,14.95,15.03,15.17,14.94,20530000,-0.13
2019-06-27 00:00:00,14.97,14.99,15.22,14.94,6210000,0.07
2019-06-26 00:00:00,14.96,14.87,15.12,14.86,8410000,1.36
2019-06-25 00:00:00,14.76,14.96,15.02,14.75,8220000,-1.67
2019-06-24 00:00:00,15.01,15.02,15.11,14.95,6810000,0.47
2019-06-21 00:00:00,14.94,15.03,15.06,14.84,15540000,-0.4
2019-06-20 00:00:00,15.0,14.98,15.04,14.74,10040000,1.97
2019-06-19 00:00:00,14.71,14.67,14.84,14.61,9640000,0.82
2019-06-18 00:00:00,14.59,14.41,14.74,14.38,8170000,2.03
2019-06-17 00:00:00,14.3,14.18,14.43,14.11,9900000,1.06
2019-06-14 00:00:00,14.15,14.25,14.25,14.05,5930000,-1.39
2019-06-13 00:00:00,14.35,14.21,14.36,14.17,7200000,1.49
2019-06-12 00:00:00,14.14,14.25,14.31,14.11,5920000,-0.84
2019-06-11 00:00:00,14.26,14.27,14.41,14.11,7150000,0.0
2019-06-10 00:00:00,14.26,14.18,14.39,14.18,8840000,1.21
2019-06-07 00:00:00,14.09,13.98,14.16,13.89,8910000,0.71
2019-06-06 00:00:00,13.99,13.99,14.05,13.69,10440000,-0.71
2019-06-05 00:00:00,14.09,14.33,14.36,13.92,8910000,-0.28
2019-06-04 00:00:00,14.13,13.85,14.18,13.82,8910000,3.21
2019-06-03 00:00:00,13.69,13.74,13.88,13.55,11100000,-0.22
2019-05-31 00:00:00,13.72,13.95,13.98,13.59,13990000,-3.52
2019-05-30 00:00:00,14.22,14.25,14.36,14.13,9040000,0.64
2019-05-29 00:00:00,14.13,14.06,14.29,13.99,8330000,-0.28
2019-05-28 00:00:00,14.17,14.44,14.63,14.14,16540000,-1.53
2019-05-24 00:00:00,14.39,14.28,15.17,14.28,24820000,0.49
2019-05-23 00:00:00,14.32,14.52,14.54,14.27,12420000,-2.65
2019-05-22 00:00:00,14.71,15.17,15.21,14.67,8820000,-3.54
2019-05-21 00:00:00,15.25,14.88,15.31,14.86,11140000,3.39
2019-05-20 00:00:00,14.75,14.4,14.87,14.37,11410000,0.89
2019-05-17 00:00:00,14.62,14.62,14.92,14.47,16329999,0.62
2019-05-16 00:00:00,14.53,14.44,14.68,14.43,14150000,0.76
2019-05-15 00:00:00,14.42,14.06,14.45,14.05,15290000,1.26
2019-05-14 00:00:00,14.24,14.19,14.39,14.19,9180000,0.56
2019-05-13 00:00:00,14.16,14.45,14.53,14.09,12350000,-4.26
2019-05-10 00:00:00,14.79,15.08,15.19,14.77,14640000,-2.83
2019-05-09 00:00:00,15.22,15.17,15.23,14.87,7530000,-0.85
2019-05-08 00:00:00,15.35,15.42,15.54,15.33,5550000,-0.52
2019-05-07 00:00:00,15.43,15.47,15.62,15.33,7570000,-1.47
2019-05-06 00:00:00,15.66,15.59,15.73,15.45,5540000,-1.69
2019-05-03 00:00:00,15.93,15.78,15.96,15.77,5140000,1.21
2019-05-02 00:00:00,15.74,15.81,15.97,15.64,5110000,-0.32
2019-05-01 00:00:00,15.79,15.95,16.07,15.78,6610000,-0.13
2019-04-30 00:00:00,15.81,15.68,15.81,15.53,10380000,0.64
2019-04-29 00:00:00,15.71,15.73,15.96,15.67,7790000,-0.38
2019-04-26 00:00:00,15.77,15.87,15.94,15.6,11610000,-1.5
2019-04-25 00:00:00,16.01,16.26,16.31,15.94,9780000,-1.6
2019-04-24 00:00:00,16.27,16.51,16.61,16.26,9150000,-1.57
2019-04-23 00:00:00,16.53,16.61,16.69,16.5,10310000,-0.36
2019-04-22 00:00:00,16.59,16.66,16.68,16.58,5420000,-0.42
2019-04-18 00:00:00,16.66,16.59,16.71,16.52,9630000,0.54
2019-04-17 00:00:00,16.57,16.63,16.69,16.43,9140000,-0.18
2019-04-16 00:00:00,16.6,16.5,16.7,16.48,14190000,0.67
2019-04-15 00:00:00,16.49,16.36,16.5,16.36,5230000,0.55
2019-04-12 00:00:00,16.4,16.39,16.48,16.29,5240000,0.8
2019-04-11 00:00:00,16.27,16.18,16.32,16.1,6990000,0.0
2019-04-10 00:00:00,16.27,15.97,16.27,15.94,5650000,2.01
2019-04-09 00:00:00,15.95,16.12,16.14,15.9,5020000,-1.48
2019-04-08 00:00:00,16.19,16.14,16.26,16.06,6410000,0.25
2019-04-05 00:00:00,16.15,16.01,16.17,16.0,6080000,0.5
2019-04-04 00:00:00,16.07,15.9,16.11,15.85,9510000,1.39
2019-04-03 00:00:00,15.85,16.02,16.08,15.74,12210000,0.19
2019-04-02 00:00:00,15.82,15.93,16.01,15.81,6480000,-0.5
2019-04-01 00:00:00,15.9,15.55,15.91,15.54,11000000,3.05
2019-03-29 00:00:00,15.43,15.42,15.46,15.32,9940000,1.11
2019-03-28 00:00:00,15.26,15.35,15.54,15.23,9650000,0.0
2019-03-27 00:00:00,15.26,15.36,15.44,15.17,7720000,-0.33
2019-03-26 00:00:00,15.31,15.19,15.46,15.18,9270000,1.06
2019-03-25 00:00:00,15.15,15.3,15.38,15.05,12410000,-0.92
2019-03-22 00:00:00,15.29,15.8,15.94,15.27,12350000,-4.56
2019-03-21 00:00:00,16.02,15.89,16.12,15.89,17720000,0.95
2019-03-20 00:00:00,15.87,15.87,16.04,15.77,10350000,-0.06
2019-03-19 00:00:00,15.88,15.9,16.04,15.83,15500000,0.25
2019-03-18 00:00:00,15.84,16.0,16.11,15.74,11520000,-1.43
2019-03-15 00:00:00,16.07,15.66,16.11,15.66,20230000,2.62
2019-03-14 00:00:00,15.66,15.59,15.71,15.49,10100000,0.9
2019-03-13 00:00:00,15.52,15.38,15.59,15.32,11310000,1.37
2019-03-12 00:00:00,15.31,15.35,15.49,15.13,17680000,-3.65
2019-03-11 00:00:00,15.89,15.64,15.93,15.63,11690000,1.79
2019-03-08 00:00:00,15.61,15.52,15.66,15.41,7800000,-0.38
2019-03-07 00:00:00,15.67,15.86,15.94,15.6,14210000,-1.82
2019-03-06 00:00:00,15.96,16.11,16.14,15.94,6340000,-1.12
2019-03-05 00:00:00,16.14,16.09,16.24,15.92,15850000,-0.12
2019-03-04 00:00:00,16.16,16.45,16.52,15.94,14650000,-1.34
2019-03-01 00:00:00,16.38,16.54,16.54,16.25,21880000,0.0
2019-02-28 00:00:00,16.38,16.6,16.65,16.34,13490000,-1.92
2019-02-27 00:00:00,16.7,16.75,16.82,16.7,8380000,-0.6
2019-02-26 00:00:00,16.8,16.73,16.97,16.71,10050000,0.24
2019-02-25 00:00:00,16.76,16.35,16.92,16.34,13110000,2.7
2019-02-22 00:00:00,16.32,16.5,16.5,16.01,22480000,0.55
2019-02-21 00:00:00,16.23,16.11,16.39,16.03,15910000,1.12
2019-02-20 00:00:00,16.05,16.1,16.22,16.03,9810000,-0.25
2019-02-19 00:00:00,16.09,16.03,16.13,15.98,8590000,0.0
2019-02-15 00:00:00,16.09,16.11,16.24,15.99,11930000,0.63
2019-02-14 00:00:00,15.99,15.91,16.13,15.86,7970000,-0.37
2019-02-13 00:00:00,16.05,16.1,16.24,16.03,11950000,0.31
2019-02-12 00:00:00,16.0,16.01,16.15,15.97,13900000,1.01
2019-02-11 00:00:00,15.84,15.91,16.05,15.83,7940000,-0.5
2019-02-08 00:00:00,15.92,15.66,15.93,15.62,7980000,0.44
2019-02-07 00:00:00,15.85,15.91,16.09,15.75,6140000,-1.49
2019-02-06 00:00:00,16.09,15.94,16.19,15.9,7160000,1.26
2019-02-05 00:00:00,15.89,15.79,16.1,15.78,6630000,0.63
2019-02-04 00:00:00,15.79,15.73,15.85,15.58,9190000,0.64
2019-02-01 00:00:00,15.69,15.69,15.81,15.56,9150000,0.64
2019-01-31 00:00:00,15.59,15.47,15.65,15.35,11950000,0.45
2019-01-30 00:00:00,15.52,15.48,15.67,15.28,7850000,0.98
2019-01-29 00:00:00,15.37,15.75,15.86,15.37,20880000,-1.85
2019-01-28 00:00:00,15.66,15.11,15.67,15.07,29340000,2.02
2019-01-25 00:00:00,15.35,14.94,15.38,14.9,17840000,4.0
2019-01-24 00:00:00,14.76,14.48,14.88,14.44,7090000,2.22
2019-01-23 00:00:00,14.44,14.52,14.69,14.32,6830000,-0.07
2019-01-22 00:00:00,14.45,14.66,14.66,14.35,9540000,-1.57
2019-01-18 00:00:00,14.68,14.38,14.75,14.38,8940000,2.87
2019-01-17 00:00:00,14.27,14.26,14.4,14.1,6240000,-0.35
2019-01-16 00:00:00,14.32,13.77,14.37,13.73,12260000,-0.83
2019-01-15 00:00:00,14.44,14.21,14.49,14.17,6790000,1.98
2019-01-14 00:00:00,14.16,14.11,14.31,14.01,8960000,-0.56
2019-01-11 00:00:00,14.24,14.04,14.26,13.89,6510000,0.78
2019-01-10 00:00:00,14.13,13.99,14.14,13.88,8560000,0.5
2019-01-09 00:00:00,14.06,13.88,14.2,13.88,7670000,1.88
2019-01-08 00:00:00,13.8,14.19,14.31,13.69,12730000,-1.92
2019-01-07 00:00:00,14.07,13.82,14.17,13.75,8029999,1.96
2019-01-04 00:00:00,13.8,13.51,13.92,13.45,11280000,4.7
2019-01-03 00:00:00,13.18,13.28,13.37,12.93,11920000,-2.08
2019-01-02 00:00:00,13.46,12.95,13.64,12.95,10870000,1.89
2018-12-31 00:00:00,13.21,13.17,13.26,13.03,6450000,1.38
2018-12-28 00:00:00,13.03,13.21,13.31,12.97,8730000,-0.53
2018-12-27 00:00:00,13.1,12.69,13.12,12.54,8150000,2.26
2018-12-26 00:00:00,12.81,12.34,12.86,12.09,10310000,4.4
2018-12-24 00:00:00,12.27,12.46,12.6,12.22,5400000,-2.7
2018-12-21 00:00:00,12.61,12.66,13.0,12.48,25430000,-0.32
2018-12-20 00:00:00,12.65,13.08,13.16,12.6,18530000,-3.95
2018-12-19 00:00:00,13.17,13.59,13.84,13.07,14300000,-3.37
2018-12-18 00:00:00,13.63,13.71,13.93,13.54,12810000,0.29
2018-12-17 00:00:00,13.59,14.17,14.27,13.55,17070000,-4.43
2018-12-14 00:00:00,14.22,14.35,14.46,14.2,11170000,-1.86
2018-12-13 00:00:00,14.49,14.65,14.93,14.44,12860000,-1.02
2018-12-12 00:00:00,14.64,14.96,14.99,14.63,14120000,-0.68
2018-12-11 00:00:00,14.74,14.58,14.83,14.38,16340000,1.17
2018-12-10 00:00:00,14.57,14.62,14.85,14.19,14050000,-0.95
2018-12-07 00:00:00,14.71,15.97,15.97,14.66,18470000,-8.18
2018-12-06 00:00:00,16.02,14.81,16.26,14.56,29140000,6.45
2018-12-04 00:00:00,15.05,15.42,15.54,14.98,18350000,-2.9
2018-12-03 00:00:00,15.5,15.26,15.53,15.22,14850000,3.33
2018-11-30 00:00:00,15.0,15.09,15.14,14.77,20960000,-0.79
2018-11-29 00:00:00,15.12,15.4,15.42,15.1,10920000,-2.2
2018-11-28 00:00:00,15.46,15.18,15.46,14.9,13440000,2.66
2018-11-27 00:00:00,15.06,14.79,15.06,14.76,7770000,1.01
2018-11-26 00:00:00,14.91,14.72,14.98,14.69,9950000,2.54
2018-11-23 00:00:00,14.54,14.56,14.71,14.49,2910000,-1.09
2018-11-21 00:00:00,14.7,14.64,14.93,14.63,8650000,1.17
2018-11-20 00:00:00,14.53,14.6,14.8,14.4,11300000,-2.02
2018-11-19 00:00:00,14.83,15.1,15.21,14.7,12710000,-2.43
2018-11-16 00:00:00,15.2,15.28,15.35,15.1,11150000,-0.78
2018-11-15 00:00:00,15.32,15.07,15.48,14.89,15280000,1.12
2018-11-14 00:00:00,15.15,15.48,15.68,15.11,16239999,-1.24
2018-11-13 00:00:00,15.34,15.31,15.61,15.24,9520000,0.39
2018-11-12 00:00:00,15.28,15.58,15.61,15.19,9570000,-2.8
2018-11-09 00:00:00,15.72,16.13,16.2,15.56,10720000,-3.26
2018-11-08 00:00:00,16.25,16.19,16.52,16.15,7200000,0.06
2018-11-07 00:00:00,16.24,16.03,16.25,15.84,18460000,2.27
2018-11-06 00:00:00,15.88,15.93,16.07,15.83,13050000,-0.31
2018-11-05 00:00:00,15.93,15.89,16.01,15.68,6270000,0.25
2018-11-02 00:00:00,15.89,15.83,16.09,15.73,15140000,0.57
2018-11-01 00:00:00,15.8,15.24,15.8,15.24,6070000,3.61
2018-10-31 00:00:00,15.25,15.14,15.52,15.14,9550000,2.14
2018-10-30 00:00:00,14.93,14.57,14.94,14.51,8300000,2.47
2018-10-29 00:00:00,14.57,14.8,15.05,14.36,8020000,-0.41
2018-10-26 00:00:00,14.63,14.97,14.98,14.48,10470000,-3.43
2018-10-25 00:00:00,15.15,15.2,15.35,15.08,8180000,0.4
2018-10-24 00:00:00,15.09,15.63,15.79,15.06,8119999,-3.58
2018-10-23 00:00:00,15.65,15.53,15.75,15.31,9080000,-1.2
2018-10-22 00:00:00,15.84,15.54,15.89,15.52,7880000,2.59
2018-10-19 00:00:00,15.44,15.35,15.63,15.34,7650000,0.72
2018-10-18 00:00:00,15.33,15.4,15.53,15.1,8279999,-1.22
2018-10-17 00:00:00,15.52,15.59,15.65,15.31,6230000,0.06
2018-10-16 00:00:00,15.51,15.45,15.54,15.27,6110000,1.11
2018-10-15 00:00:00,15.34,15.42,15.51,15.24,9340000,-0.52
2018-10-12 00:00:00,15.42,14.92,15.46,14.89,16600000,5.4
2018-10-11 00:00:00,14.63,15.06,15.16,14.55,9080000,-3.18
2018-10-10 00:00:00,15.11,15.65,15.77,15.09,10860000,-3.7
2018-10-09 00:00:00,15.69,15.87,15.92,15.59,12070000,-1.26
2018-10-08 00:00:00,15.89,16.07,16.15,15.86,8990000,-1.55
2018-10-05 00:00:00,16.14,16.81,17.02,16.04,12790000,-4.21
2018-10-04 00:00:00,16.85,16.79,17.0,16.78,10260000,0.6
2018-10-03 00:00:00,16.75,16.54,16.91,16.46,10580000,1.33
2018-10-02 00:00:00,16.53,16.14,16.63,16.14,9640000,2.16
2018-10-01 00:00:00,16.18,16.37,16.52,16.13,9810000,-0.8
2018-09-28 00:00:00,16.31,16.25,16.43,16.17,12490000,0.18
2018-09-27 00:00:00,16.28,16.63,16.63,16.25,12510000,-1.39
2018-09-26 00:00:00,16.51,16.59,16.72,16.5,8900000,-0.24
2018-09-25 00:00:00,16.55,16.87,16.96,16.53,17850000,-2.19
2018-09-24 00:00:00,16.92,17.0,17.02,16.86,7290000,-0.59
2018-09-21 00:00:00,17.02,16.95,17.27,16.92,26710000,0.89
2018-09-20 00:00:00,16.87,16.7,16.98,16.68,8730000,1.38
2018-09-19 00:00:00,16.64,16.57,16.7,16.55,6870000,0.54
2018-09-18 00:00:00,16.55,16.31,16.68,16.27,6680000,1.66
2018-09-17 00:00:00,16.28,16.58,16.68,16.23,8690000,-1.81
2018-09-14 00:00:00,16.58,16.55,16.66,16.48,8039999,0.24
2018-09-13 00:00:00,16.54,16.5,16.73,16.43,11160000,0.85
2018-09-12 00:00:00,16.4,16.39,16.47,16.25,5610000,-0.3
2018-09-11 00:00:00,16.45,16.28,16.48,16.16,7950000,0.24
2018-09-10 00:00:00,16.41,16.54,16.55,16.26,12520000,-0.73
2018-09-07 00:00:00,16.53,16.49,16.8,16.39,10230000,0.06
2018-09-06 00:00:00,16.52,16.56,16.62,16.42,8440000,-0.42
2018-09-05 00:00:00,16.59,16.69,16.7,16.24,13570000,-0.48
2018-09-04 00:00:00,16.67,16.42,16.71,16.17,10020000,0.85
2018-08-31 00:00:00,16.53,16.77,16.77,16.4,10680000,-1.55
2018-08-30 00:00:00,16.79,16.74,17.08,16.72,16190000,0.48
2018-08-29 00:00:00,16.71,17.03,17.59,16.65,25340000,-0.18
2018-08-28 00:00:00,16.74,16.53,16.8,16.51,10950000,1.76
2018-08-27 00:00:00,16.45,16.37,16.64,16.26,13740000,1.54
2018-08-24 00:00:00,16.2,16.16,16.31,15.98,9560000,0.62
2018-08-23 00:00:00,16.1,15.81,16.46,15.79,15520000,1.77
2018-08-22 00:00:00,15.82,15.76,15.92,15.72,8330000,0.25
2018-08-21 00:00:00,15.78,16.47,16.47,15.74,16629999,-5.62
2018-08-20 00:00:00,16.72,16.74,16.96,16.59,9400000,0.3
2018-08-17 00:00:00,16.67,16.25,16.8,16.21,12400000,2.46
2018-08-16 00:00:00,16.27,16.12,16.39,16.02,10660000,1.5
2018-08-15 00:00:00,16.03,15.86,16.09,15.79,10280000,0.25
2018-08-14 00:00:00,15.99,15.7,16.02,15.7,5180000,2.11
2018-08-13 00:00:00,15.66,15.85,15.97,15.66,5040000,-1.2
2018-08-10 00:00:00,15.85,15.98,16.09,15.78,5040000,-1.61
2018-08-09 00:00:00,16.11,16.14,16.23,16.06,3500000,-0.31
2018-08-08 00:00:00,16.16,16.14,16.29,16.07,4660000,0.19
2018-08-07 00:00:00,16.13,16.05,16.23,16.02,4400000,0.75
2018-08-06 00:00:00,16.01,15.93,16.05,15.85,5220000,0.19
2018-08-03 00:00:00,15.98,15.61,16.0,15.59,7400000,2.77
2018-08-02 00:00:00,15.55,15.35,15.57,15.32,7750000,0.65
2018-08-01 00:00:00,15.45,15.42,15.61,15.37,5640000,0.06
2018-07-31 00:00:00,15.44,15.45,15.55,15.37,6640000,-0.06
2018-07-30 00:00:00,15.45,15.58,15.64,15.32,4940000,-0.9
2018-07-27 00:00:00,15.59,15.76,15.89,15.53,5750000,-0.64
2018-07-26 00:00:00,15.69,15.49,15.77,15.48,4970000,1.36
2018-07-25 00:00:00,15.48,15.24,15.49,15.23,6030000,1.18
2018-07-24 00:00:00,15.3,15.61,15.66,15.25,7480000,-1.1
2018-07-23 00:00:00,15.47,15.41,15.55,15.27,13150000,0.0
2018-07-20 00:00:00,15.47,15.59,15.62,15.4,6760000,-1.09
2018-07-19 00:00:00,15.64,15.93,16.16,15.61,11530000,-1.82
2018-07-18 00:00:00,15.93,15.69,15.95,15.65,6990000,1.72
2018-07-17 00:00:00,15.66,15.59,15.8,15.56,8880000,0.13
2018-07-16 00:00:00,15.64,15.45,15.65,15.34,10740000,0.97
2018-07-13 00:00:00,15.49,15.34,15.53,15.3,8810000,0.65
2018-07-12 00:00:00,15.39,15.15,15.47,15.12,4760000,1.92
2018-07-11 00:00:00,15.1,15.31,15.35,15.08,8730000,-2.58
2018-07-10 00:00:00,15.5,15.24,15.54,15.2,12150000,1.77
2018-07-09 00:00:00,15.23,15.04,15.31,14.99,6360000,1.67
2018-07-06 00:00:00,14.98,14.88,15.05,14.73,5530000,1.08
2018-07-05 00:00:00,14.82,14.8,14.84,14.57,9470000,0.34
2018-07-03 00:00:00,14.77,14.79,14.92,14.75,4750000,-0.2
2018-07-02 00:00:00,14.8,14.5,14.84,14.46,7090000,1.3
2018-06-29 00:00:00,14.61,14.77,14.85,14.61,11690000,-0.68
2018-06-28 00:00:00,14.71,14.71,14.77,14.47,14740000,-0.07
2018-06-27 00:00:00,14.72,15.22,15.25,14.72,14320000,-2.97
2018-06-26 00:00:00,15.17,15.11,15.55,15.06,7980000,0.66
2018-06-25 00:00:00,15.07,15.17,15.23,14.94,15970000,-1.12
2018-06-22 00:00:00,15.24,15.49,15.52,15.22,9280000,-1.17
2018-06-21 00:00:00,15.42,15.2,15.49,15.14,14510000,1.78
2018-06-20 00:00:00,15.15,15.95,15.99,15.13,14600000,-4.72
2018-06-19 00:00:00,15.9,15.7,15.93,15.67,8430000,-0.06
2018-06-18 00:00:00,15.91,15.8,16.06,15.69,12080000,-0.25
2018-06-15 00:00:00,15.95,15.8,15.95,15.62,25030000,0.82
2018-06-14 00:00:00,15.82,15.87,16.12,15.75,11930000,0.19
2018-06-13 00:00:00,15.79,15.76,15.89,15.7,8440000,0.0
2018-06-12 00:00:00,15.79,15.92,16.0,15.78,9010000,-1.44
2018-06-11 00:00:00,16.02,15.96,16.18,15.96,11640000,0.06
2018-06-08 00:00:00,16.01,15.82,16.02,15.79,7920000,0.57
2018-06-07 00:00:00,15.92,15.98,16.06,15.82,7790000,-0.62
2018-06-06 00:00:00,16.02,16.11,16.11,15.72,12400000,-0.25
2018-06-05 00:00:00,16.06,15.5,16.13,15.45,22400000,3.35
2018-06-04 00:00:00,15.54,15.5,15.74,15.37,12240000,0.06
2018-06-01 00:00:00,15.53,15.33,15.53,15.32,10900000,1.9
2018-05-31 00:00:00,15.24,15.53,15.59,15.12,14450000,-2.12
2018-05-30 00:00:00,15.57,15.47,15.66,15.32,12020000,1.24
2018-05-29 00:00:00,15.38,15.43,15.49,15.26,9730000,-0.9
2018-05-25 00:00:00,15.52,15.75,15.82,15.44,14410000,-1.52
2018-05-24 00:00:00,15.76,15.55,15.81,15.16,29520000,1.16
2018-05-23 00:00:00,15.58,16.85,16.95,15.45,56060000,-10.51
2018-05-22 00:00:00,17.41,17.55,17.68,17.41,14420000,-0.57
2018-05-21 00:00:00,17.51,17.66,17.74,17.48,6200000,-0.28
2018-05-18 00:00:00,17.56,17.66,17.67,17.48,6780000,-0.62
2018-05-17 00:00:00,17.67,17.68,17.76,17.43,10600000,0.23
2018-05-16 00:00:00,17.63,17.41,17.68,17.37,15260000,1.32
2018-05-15 00:00:00,17.4,17.48,17.53,17.29,8369999,-1.08
2018-05-14 00:00:00,17.59,17.75,17.82,17.59,8460000,-0.45
2018-05-11 00:00:00,17.67,17.66,17.78,17.61,11500000,0.11
2018-05-10 00:00:00,17.65,17.67,17.7,17.5,12300000,0.28
2018-05-09 00:00:00,17.6,17.4,17.67,17.34,13010000,1.21
2018-05-08 00:00:00,17.39,17.25,17.43,17.2,12410000,0.52
2018-05-07 00:00:00,17.3,17.24,17.45,17.19,10490000,0.52
2018-05-04 00:00:00,17.21,16.85,17.25,16.78,6170000,1.83
2018-05-03 00:00:00,16.9,16.99,17.08,16.75,8029999,-1.29
2018-05-02 00:00:00,17.12,17.14,17.26,17.07,6370000,-0.35
2018-05-01 00:00:00,17.18,16.99,17.2,16.95,9650000,0.76
2018-04-30 00:00:00,17.05,17.34,17.46,17.05,12470000,-1.73
2018-04-27 00:00:00,17.35,17.64,17.64,17.24,8840000,-0.23
2018-04-26 00:00:00,17.39,17.39,17.52,17.25,10690000,0.46
2018-04-25 00:00:00,17.31,17.3,17.41,17.02,9300000,-0.29
2018-04-24 00:00:00,17.36,17.5,17.68,17.25,10100000,-0.34
2018-04-23 00:00:00,17.42,17.38,17.54,17.3,8080000,0.75
2018-04-20 00:00:00,17.29,17.44,17.45,17.16,7700000,-0.69
2018-04-19 00:00:00,17.41,17.65,17.65,17.38,7790000,-1.53
2018-04-18 00:00:00,17.68,17.77,17.78,17.61,9610000,-0.39
2018-04-17 00:00:00,17.75,17.68,17.88,17.62,17140000,1.08
2018-04-16 00:00:00,17.56,17.45,17.67,17.36,16960000,0.92
2018-04-13 00:00:00,17.4,17.51,17.51,17.18,10060000,-0.06
2018-04-12 00:00:00,17.41,17.35,17.6,17.33,13920000,0.99
2018-04-11 00:00:00,17.24,17.2,17.3,17.09,9830000,-0.06
2018-04-10 00:00:00,17.25,17.07,17.4,17.07,15400000,2.62
2018-04-09 00:00:00,16.81,16.73,17.21,16.73,8450000,0.66
2018-04-06 00:00:00,16.7,17.04,17.22,16.61,14150000,-2.91
2018-04-05 00:00:00,17.2,17.42,17.42,17.12,15100000,-0.29
2018-04-04 00:00:00,17.25,16.83,17.31,16.76,13200000,0.64
2018-04-03 00:00:00,17.14,17.25,17.35,16.96,13360000,0.12
2018-04-02 00:00:00,17.12,17.48,17.52,16.94,10270000,-2.39
2018-03-29 00:00:00,17.54,17.7,17.75,17.45,16010000,-0.68
2018-03-28 00:00:00,17.66,17.61,17.8,17.41,14010000,0.57
2018-03-27 00:00:00,17.56,18.09,18.16,17.45,12150000,-2.39
2018-03-26 00:00:00,17.99,17.92,18.03,17.57,11000000,2.04
2018-03-23 00:00:00,17.63,18.37,18.46,17.63,10560000,-3.77
2018-03-22 00:00:00,18.32,18.55,18.64,18.3,10860000,-2.08
2018-03-21 00:00:00,18.71,18.78,18.89,18.57,10900000,-0.37
2018-03-20 00:00:00,18.78,18.79,18.93,18.61,11180000,0.43
2018-03-19 00:00:00,18.7,18.7,18.83,18.5,9450000,-0.48
2018-03-16 00:00:00,18.79,18.82,19.01,18.68,21350000,-0.21
2018-03-15 00:00:00,18.83,18.9,18.98,18.78,15380000,-0.11
2018-03-14 00:00:00,18.85,18.98,18.99,18.73,11580000,-0.16
2018-03-13 00:00:00,18.88,19.09,19.23,18.86,9000000,-1.0
2018-03-12 00:00:00,19.07,19.16,19.18,19.0,10160000,-0.47
2018-03-09 00:00:00,19.16,19.07,19.21,18.98,14560000,1.11
2018-03-08 00:00:00,18.95,19.2,19.23,18.84,10550000,-1.04
2018-03-07 00:00:00,19.15,19.24,19.38,18.98,11060000,-1.34
2018-03-06 00:00:00,19.41,19.01,19.48,19.0,11550000,2.27
2018-03-05 00:00:00,18.98,18.77,19.1,18.74,11720000,1.06
2018-03-02 00:00:00,18.78,18.2,18.8,18.15,14920000,2.07
2018-03-01 00:00:00,18.4,18.7,18.84,18.14,14070000,-1.02
2018-02-28 00:00:00,18.59,18.95,19.07,18.59,17530000,-1.22
2018-02-27 00:00:00,18.82,18.5,19.13,18.5,20980000,1.46
2018-02-26 00:00:00,18.55,18.04,18.8,18.04,25580000,2.26
2018-02-23 00:00:00,18.14,18.01,18.19,17.56,45020000,10.54
2018-02-22 00:00:00,16.41,16.43,16.67,16.23,16300000,0.98
2018-02-21 00:00:00,16.25,16.6,16.68,16.22,10910000,-1.63
2018-02-20 00:00:00,16.52,16.47,16.68,16.41,9040000,0.79
2018-02-16 00:00:00,16.39,16.3,16.56,16.21,9440000,0.24
2018-02-15 00:00:00,16.35,16.28,16.48,16.04,8199999,1.24
2018-02-14 00:00:00,16.15,15.41,16.22,15.35,14010000,4.4
2018-02-13 00:00:00,15.47,15.63,15.63,15.31,13730000,-1.78
2018-02-12 00:00:00,15.75,15.42,15.85,15.36,7680000,2.94
2018-02-09 00:00:00,15.3,15.2,15.41,14.65,16719999,1.73
2018-02-08 00:00:00,15.04,15.53,15.68,15.04,12060000,-3.34
2018-02-07 00:00:00,15.56,15.67,15.79,15.33,13110000,-1.08
2018-02-06 00:00:00,15.73,15.27,15.81,14.96,16230000,0.45
2018-02-05 00:00:00,15.66,16.53,16.65,15.65,15840000,-5.95
2018-02-02 00:00:00,16.65,16.66,16.93,16.52,13330000,-0.83
2018-02-01 00:00:00,16.79,16.4,16.88,16.32,13490000,2.38
2018-01-31 00:00:00,16.4,16.59,16.69,16.31,12420000,-0.85
2018-01-30 00:00:00,16.54,16.85,16.91,16.39,11200000,-2.53
2018-01-29 00:00:00,16.97,16.66,17.07,16.62,10540000,1.56
2018-01-26 00:00:00,16.71,16.55,16.84,16.55,9760000,1.4
2018-01-25 00:00:00,16.48,16.71,16.84,16.45,7770000,-1.2
2018-01-24 00:00:00,16.68,16.71,16.89,16.6,11810000,0.06
2018-01-23 00:00:00,16.67,16.28,16.72,16.2,14450000,3.86
2018-01-22 00:00:00,16.05,16.05,16.08,15.9,9420000,-0.19
2018-01-19 00:00:00,16.08,15.97,16.09,15.91,9140000,0.69
2018-01-18 00:00:00,15.97,16.03,16.1,15.94,9770000,-0.62
2018-01-17 00:00:00,16.07,15.86,16.1,15.82,9450000,1.64
2018-01-16 00:00:00,15.81,15.82,15.91,15.71,9660000,0.0
2018-01-12 00:00:00,15.81,15.45,15.87,15.42,15520000,2.33
2018-01-11 00:00:00,15.45,15.2,15.49,15.17,8240000,1.71
2018-01-10 00:00:00,15.19,14.76,15.31,14.76,10170000,2.29
2018-01-09 00:00:00,14.85,14.85,14.98,14.81,14480000,0.2
2018-01-08 00:00:00,14.82,14.95,14.97,14.64,13050000,-1.53
2018-01-05 00:00:00,15.05,15.06,15.19,14.96,12540000,-0.07
2018-01-04 00:00:00,15.06,14.7,15.07,14.65,11330000,2.45
2018-01-03 00:00:00,14.7,14.6,14.75,14.54,7910000,0.62
2018-01-02 00:00:00,14.61,14.43,14.63,14.38,7160000,1.74
2017-12-29 00:00:00,14.36,14.67,14.67,14.36,7100000,-1.71
2017-12-28 00:00:00,14.61,14.69,14.7,14.55,3690000,-0.41
2017-12-27 00:00:00,14.67,14.72,14.75,14.61,3260000,-0.47
2017-12-26 00:00:00,14.74,14.69,14.79,14.67,2880000,0.2
2017-12-22 00:00:00,14.71,14.71,14.82,14.68,4170000,-0.07
2017-12-21 00:00:00,14.72,14.71,14.85,14.66,7890000,0.07
2017-12-20 00:00:00,14.71,14.79,14.79,14.63,9260000,-0.61
2017-12-19 00:00:00,14.8,14.88,14.9,14.74,9790000,-0.67
2017-12-18 00:00:00,14.9,14.45,14.93,14.43,12650000,3.4
2017-12-15 00:00:00,14.41,14.29,14.48,14.26,20250000,1.19
2017-12-14 00:00:00,14.24,14.3,14.38,14.22,7600000,-0.56
2017-12-13 00:00:00,14.32,14.46,14.55,14.32,8640000,-1.24
2017-12-12 00:00:00,14.5,14.45,14.57,14.35,12200000,-0.55
2017-12-11 00:00:00,14.58,14.25,14.59,14.23,11130000,1.67
2017-12-08 00:00:00,14.34,14.23,14.39,14.23,8109999,0.84
2017-12-07 00:00:00,14.22,14.2,14.27,14.12,6820000,0.42
2017-12-06 00:00:00,14.16,14.02,14.23,13.99,7090000,0.57
2017-12-05 00:00:00,14.08,14.11,14.17,14.0,11890000,-1.05
2017-12-04 00:00:00,14.23,14.44,14.52,14.19,11100000,-1.45
2017-12-01 00:00:00,14.44,13.9,14.46,13.75,18540000,3.51
2017-11-30 00:00:00,13.95,13.99,14.17,13.92,15100000,-0.14
2017-11-29 00:00:00,13.97,13.95,14.3,13.79,12090000,0.65
2017-11-28 00:00:00,13.88,13.47,13.95,13.4,16050000,3.04
2017-11-27 00:00:00,13.47,13.21,13.54,13.15,13860000,1.13
2017-11-24 00:00:00,13.32,13.21,13.39,13.15,8560000,1.68
2017-11-22 00:00:00,13.1,13.2,13.4,12.81,41930000,-7.22
2017-11-21 00:00:00,14.12,14.1,14.31,14.08,13730000,0.21
2017-11-20 00:00:00,14.09,13.68,14.11,13.66,12410000,3.0
2017-11-17 00:00:00,13.68,13.3,13.69,13.25,12900000,3.09
2017-11-16 00:00:00,13.27,13.21,13.42,13.21,14820000,0.84
2017-11-15 00:00:00,13.16,13.2,13.32,13.1,12000000,-0.83
2017-11-14 00:00:00,13.27,13.38,13.48,13.23,11350000,-1.56
2017-11-13 00:00:00,13.48,13.67,13.7,13.47,14680000,-1.61
2017-11-10 00:00:00,13.7,13.72,13.75,13.6,4520000,-0.15
2017-11-09 00:00:00,13.72,13.48,13.75,13.47,6230000,1.33
2017-11-08 00:00:00,13.54,13.56,13.59,13.46,7750000,-0.22
2017-11-07 00:00:00,13.57,13.6,13.74,13.52,7360000,-0.44
2017-11-06 00:00:00,13.63,13.46,13.63,13.24,9580000,0.96
2017-11-03 00:00:00,13.5,13.62,13.63,13.4,9540000,-0.95
2017-11-02 00:00:00,13.63,13.57,13.66,13.48,17520000,0.22
2017-11-01 00:00:00,13.6,13.94,13.94,13.47,15500000,-2.3
2017-10-31 00:00:00,13.92,14.02,14.05,13.88,10260000,-0.43
2017-10-30 00:00:00,13.98,14.23,14.28,13.91,11940000,-2.1
2017-10-27 00:00:00,14.28,14.27,14.34,14.18,7030000,0.21
2017-10-26 00:00:00,14.25,14.21,14.31,14.08,7010000,1.21
2017-10-25 00:00:00,14.08,14.28,14.29,13.88,15540000,-1.61
2017-10-24 00:00:00,14.31,14.25,14.47,14.23,8240000,0.42
2017-10-23 00:00:00,14.25,14.09,14.32,14.06,8560000,1.5
2017-10-20 00:00:00,14.04,13.88,14.19,13.8,12660000,1.3
2017-10-19 00:00:00,13.86,14.5,14.53,13.8,23840000,-5.71
2017-10-18 00:00:00,14.7,14.67,14.8,14.66,6830000,0.62
2017-10-17 00:00:00,14.61,14.84,14.89,14.54,12840000,-1.68
2017-10-16 00:00:00,14.86,14.88,14.96,14.81,6350000,-0.2
2017-10-13 00:00:00,14.89,14.65,15.06,14.64,9940000,0.61
2017-10-12 00:00:00,14.8,14.93,14.94,14.73,8240000,-0.94
2017-10-11 00:00:00,14.94,14.94,15.04,14.85,10470000,-0.13
2017-10-10 00:00:00,14.96,14.82,15.03,14.81,9360000,1.08
2017-10-09 00:00:00,14.8,14.84,14.97,14.77,6250000,0.0
2017-10-06 00:00:00,14.8,14.79,14.85,14.58,11830000,-0.2
2017-10-05 00:00:00,14.83,14.84,14.96,14.76,7070000,0.2
2017-10-04 00:00:00,14.8,14.7,14.89,14.55,7640000,0.75
2017-10-03 00:00:00,14.69,14.97,14.99,14.62,10200000,-1.87
2017-10-02 00:00:00,14.97,14.68,15.0,14.65,13720000,1.77
2017-09-29 00:00:00,14.71,14.6,14.75,14.54,6740000,0.96
2017-09-28 00:00:00,14.57,14.84,14.94,14.56,11470000,-1.89
2017-09-27 00:00:00,14.85,14.89,15.12,14.82,22030000,-0.27
2017-09-26 00:00:00,14.89,14.74,15.08,14.69,25930000,1.29
2017-09-25 00:00:00,14.7,14.19,14.72,14.17,29530000,3.09
2017-09-22 00:00:00,14.26,13.86,14.29,13.82,22930000,3.41
2017-09-21 00:00:00,13.79,13.6,13.9,13.51,22600000,1.17
2017-09-20 00:00:00,13.63,13.58,13.68,13.5,17350000,1.04
2017-09-19 00:00:00,13.49,13.56,13.64,13.47,10090000,-0.37
2017-09-18 00:00:00,13.54,13.57,13.72,13.51,12590000,0.15
2017-09-15 00:00:00,13.52,13.37,13.56,13.32,15610000,0.37
2017-09-14 00:00:00,13.47,13.18,13.53,13.13,16070000,1.81
2017-09-13 00:00:00,13.23,13.08,13.25,12.97,24980000,0.84
2017-09-12 00:00:00,13.12,13.36,13.41,12.99,19400000,-1.72
2017-09-11 00:00:00,13.35,13.3,13.47,13.24,16510000,1.75
2017-09-08 00:00:00,13.12,13.29,13.38,13.06,24310000,-0.98
2017-09-07 00:00:00,13.25,13.73,13.77,13.25,27040000,-3.78
2017-09-06 00:00:00,13.77,14.29,14.32,13.6,40580000,-1.92
2017-09-05 00:00:00,14.04,14.2,14.4,13.83,27470000,-1.89
2017-09-01 00:00:00,14.31,14.13,14.39,13.82,22360000,2.14
2017-08-31 00:00:00,14.01,13.95,14.07,13.92,11330000,0.43
2017-08-30 00:00:00,13.95,13.87,13.95,13.79,6280000,0.36
2017-08-29 00:00:00,13.9,13.69,13.92,13.64,5910000,0.72
2017-08-28 00:00:00,13.8,13.95,13.95,13.71,7500000,-0.86
2017-08-25 00:00:00,13.92,13.95,14.07,13.81,9040000,0.0
2017-08-24 00:00:00,13.92,13.75,14.01,13.7,6640000,1.31
2017-08-23 00:00:00,13.74,13.61,13.77,13.6,7050000,0.22
2017-08-22 00:00:00,13.71,13.47,13.73,13.46,5450000,2.08
2017-08-21 00:00:00,13.43,13.34,13.46,13.25,6090000,0.75
2017-08-18 00:00:00,13.33,13.39,13.5,13.26,9560000,-0.67
2017-08-17 00:00:00,13.42,13.59,13.71,13.42,9170000,-1.68
2017-08-16 00:00:00,13.65,13.76,13.86,13.59,4920000,-0.87
2017-08-15 00:00:00,13.77,13.62,13.84,13.6,8320000,0.95
2017-08-14 00:00:00,13.64,13.57,13.85,13.54,7960000,1.64
2017-08-11 00:00:00,13.42,13.34,13.47,13.31,5280000,1.05
2017-08-10 00:00:00,13.28,13.65,13.65,13.24,9360000,-2.92
2017-08-09 00:00:00,13.68,13.61,13.73,13.53,6970000,0.0
2017-08-08 00:00:00,13.68,13.64,13.73,13.59,7890000,0.0
2017-08-07 00:00:00,13.68,13.57,13.69,13.54,4580000,0.74
2017-08-04 00:00:00,13.58,13.41,13.63,13.41,6300000,1.27
2017-08-03 00:00:00,13.41,13.45,13.47,13.31,6660000,-0.37
2017-08-02 00:00:00,13.46,13.64,13.68,13.4,7970000,-1.1
2017-08-01 00:00:00,13.61,13.61,13.65,13.53,7710000,0.22
2017-07-31 00:00:00,13.58,13.65,13.76,13.57,8760000,0.0
2017-07-28 00:00:00,13.58,13.57,13.61,13.41,9140000,-0.22
2017-07-27 00:00:00,13.61,13.73,13.73,13.49,10230000,-0.37
2017-07-26 00:00:00,13.66,13.88,13.93,13.61,7980000,-1.51
2017-07-25 00:00:00,13.87,13.84,13.97,13.76,7700000,0.22
2017-07-24 00:00:00,13.84,13.95,14.04,13.8,10920000,-0.93
2017-07-21 00:00:00,13.97,13.85,13.99,13.78,11830000,0.65
2017-07-20 00:00:00,13.88,13.71,13.91,13.69,14630000,1.24
2017-07-19 00:00:00,13.71,13.38,13.74,13.38,13420000,3.08
2017-07-18 00:00:00,13.3,13.34,13.38,13.23,10510000,-0.52
2017-07-17 00:00:00,13.37,13.33,13.43,13.26,7730000,0.3
2017-07-14 00:00:00,13.33,13.26,13.37,13.2,6130000,0.53
2017-07-13 00:00:00,13.26,13.02,13.31,13.0,13740000,1.84
2017-07-12 00:00:00,13.02,12.99,13.07,12.86,10440000,0.0
2017-07-11 00:00:00,13.02,12.96,13.07,12.85,9120000,0.31
2017-07-10 00:00:00,12.98,12.88,13.06,12.88,10170000,0.78
2017-07-07 00:00:00,12.88,12.81,12.92,12.72,13220000,0.78
2017-07-06 00:00:00,12.78,13.07,13.12,12.74,14540000,-2.74
2017-07-05 00:00:00,13.14,12.97,13.18,12.96,10800000,1.62
2017-07-03 00:00:00,12.93,12.93,13.1,12.93,4570000,0.47
2017-06-30 00:00:00,12.87,12.98,13.03,12.86,8780000,-0.39
2017-06-29 00:00:00,12.92,12.99,13.03,12.7,12710000,-1.45
2017-06-28 00:00:00,13.11,12.87,13.16,12.8,10120000,2.42
2017-06-27 00:00:00,12.8,12.98,13.02,12.8,9820000,-1.84
2017-06-26 00:00:00,13.04,13.09,13.17,13.02,10880000,-0.23
2017-06-23 00:00:00,13.07,12.99,13.19,12.92,17390000,1.0
2017-06-22 00:00:00,12.94,12.83,12.99,12.8,9430000,0.7
2017-06-21 00:00:00,12.85,12.95,13.02,12.83,10260000,-0.46
2017-06-20 00:00:00,12.91,12.95,12.98,12.78,13480000,-0.46
2017-06-19 00:00:00,12.97,12.81,13.01,12.81,11150000,1.41
2017-06-16 00:00:00,12.79,12.86,12.88,12.75,15010000,-0.16
2017-06-15 00:00:00,12.81,12.95,13.0,12.78,17890000,-1.31
2017-06-14 00:00:00,12.98,13.07,13.15,12.92,11390000,-0.84
2017-06-13 00:00:00,13.09,13.05,13.16,13.03,12180000,0.15
2017-06-12 00:00:00,13.07,13.1,13.17,12.85,11560000,-0.83
2017-06-09 00:00:00,13.18,13.22,13.43,13.04,10520000,-0.38
2017-06-08 00:00:00,13.23,13.26,13.28,13.17,10700000,0.08
2017-06-07 00:00:00,13.22,13.21,13.37,13.19,14540000,0.08
2017-06-06 00:00:00,13.21,13.3,13.33,13.21,13820000,-0.75
2017-06-05 00:00:00,13.31,13.45,13.46,13.29,15520000,-1.41
2017-06-02 00:00:00,13.5,13.45,13.64,13.15,29940000,-0.66
2017-06-01 00:00:00,13.59,14.23,14.25,13.55,38880000,-6.85
2017-05-31 00:00:00,14.59,14.58,14.64,14.4,23880000,-0.21
2017-05-30 00:00:00,14.62,14.57,14.68,14.5,17740000,0.07
2017-05-26 00:00:00,14.61,14.62,14.65,14.54,13440000,0.0
2017-05-25 00:00:00,14.61,14.71,14.74,14.59,18110000,-0.41
2017-05-24 00:00:00,14.67,14.61,14.72,14.57,11790000,0.27
2017-05-23 00:00:00,14.63,14.64,14.66,14.54,13900000,0.34
2017-05-22 00:00:00,14.58,14.37,14.62,14.36,13530000,1.46
2017-05-19 00:00:00,14.37,14.61,14.74,14.33,20160000,-1.37
2017-05-18 00:00:00,14.57,14.47,14.71,14.37,12430000,-0.07
2017-05-17 00:00:00,14.58,14.68,14.76,14.52,13040000,-1.62
2017-05-16 00:00:00,14.82,14.74,14.86,14.67,9510000,0.61
2017-05-15 00:00:00,14.73,14.66,14.84,14.64,10710000,0.61
2017-05-12 00:00:00,14.64,14.64,14.75,14.61,9610000,0.07
2017-05-11 00:00:00,14.63,14.68,14.78,14.59,12440000,-0.75
2017-05-10 00:00:00,14.74,14.58,14.74,14.54,11370000,1.17
2017-05-09 00:00:00,14.57,14.64,14.71,14.45,16309999,-0.55
2017-05-08 00:00:00,14.65,14.61,14.7,14.55,9100000,0.27
2017-05-05 00:00:00,14.61,14.61,14.62,14.48,12740000,0.48
2017-05-04 00:00:00,14.54,14.54,14.58,14.44,6560000,0.41
2017-05-03 00:00:00,14.48,14.47,14.56,14.4,10990000,-0.21
2017-05-02 00:00:00,14.51,14.52,14.61,14.47,7840000,-0.14
2017-05-01 00:00:00,14.53,14.5,14.61,14.46,8210000,0.55
2017-04-28 00:00:00,14.45,14.44,14.51,14.34,9280000,0.0
2017-04-27 00:00:00,14.45,14.43,14.47,14.3,13810000,0.07
2017-04-26 00:00:00,14.44,14.35,14.57,14.29,10930000,0.49
2017-04-25 00:00:00,14.37,14.34,14.42,14.29,8530000,0.49
2017-04-24 00:00:00,14.3,14.16,14.38,14.12,14050000,1.63
2017-04-21 00:00:00,14.07,14.2,14.21,13.98,12250000,-1.05
2017-04-20 00:00:00,14.22,14.14,14.28,14.1,10240000,0.92
2017-04-19 00:00:00,14.09,14.08,14.19,14.03,7300000,0.21
2017-04-18 00:00:00,14.06,14.02,14.12,13.95,8010000,0.07
2017-04-17 00:00:00,14.05,13.98,14.06,13.95,7940000,0.72
2017-04-13 00:00:00,13.95,13.97,14.09,13.92,16280000,-0.36
2017-04-12 00:00:00,14.0,14.22,14.23,13.92,13720000,-0.71
2017-04-11 00:00:00,14.1,14.16,14.23,14.03,11340000,-0.7
2017-04-10 00:00:00,14.2,14.23,14.36,14.15,22040000,0.14
2017-04-07 00:00:00,14.18,13.92,14.31,13.89,28150000,1.43
2017-04-06 00:00:00,13.98,13.95,14.06,13.89,12390000,0.72
2017-04-05 00:00:00,13.88,13.95,14.04,13.79,19010000,0.0
2017-04-04 00:00:00,13.88,13.5,13.89,13.46,19050000,1.83
2017-04-03 00:00:00,13.63,13.96,14.01,13.43,32020000,-1.02
2017-03-31 00:00:00,13.77,13.62,13.95,13.62,14230000,0.29
2017-03-30 00:00:00,13.73,13.71,13.84,13.67,8950000,-0.22
2017-03-29 00:00:00,13.76,13.37,13.91,13.31,17230000,2.92
2017-03-28 00:00:00,13.37,13.19,13.49,13.15,8430000,1.29
2017-03-27 00:00:00,13.2,13.1,13.28,13.01,6690000,-0.23
2017-03-24 00:00:00,13.23,13.28,13.51,13.15,9170000,-0.15
2017-03-23 00:00:00,13.25,13.05,13.34,13.01,9760000,1.3
2017-03-22 00:00:00,13.08,12.91,13.1,12.84,9090000,1.16
2017-03-21 00:00:00,12.93,13.34,13.41,12.9,16219999,-3.07
2017-03-20 00:00:00,13.34,13.23,13.4,13.17,8570000,0.45
2017-03-17 00:00:00,13.28,13.16,13.36,13.08,12380000,0.91
2017-03-16 00:00:00,13.16,13.19,13.28,13.08,10300000,-0.23
2017-03-15 00:00:00,13.19,12.92,13.28,12.85,14010000,2.09
2017-03-14 00:00:00,12.92,12.92,12.98,12.8,10090000,-0.39
2017-03-13 00:00:00,12.97,12.9,13.03,12.88,10090000,-0.23
2017-03-10 00:00:00,13.0,13.09,13.19,12.9,11150000,-0.46
2017-03-09 00:00:00,13.06,13.09,13.19,13.01,11030000,-0.68
2017-03-08 00:00:00,13.15,13.25,13.28,13.12,12700000,-0.83
2017-03-07 00:00:00,13.26,13.35,13.48,13.19,13900000,-1.12
2017-03-06 00:00:00,13.41,13.28,13.44,13.27,15560000,0.15
2017-03-03 00:00:00,13.39,13.31,13.52,13.3,11570000,0.37
2017-03-02 00:00:00,13.34,13.44,13.49,13.27,10780000,-0.97
2017-03-01 00:00:00,13.47,13.37,13.54,13.33,13270000,1.58
2017-02-28 00:00:00,13.26,12.83,13.29,12.78,18360000,2.31
2017-02-27 00:00:00,12.96,13.23,13.23,12.94,19010000,-2.85
2017-02-24 00:00:00,13.34,12.86,13.35,12.84,46880000,-6.91
2017-02-23 00:00:00,14.33,14.43,14.45,14.24,13310000,-0.49
2017-02-22 00:00:00,14.4,14.26,14.46,14.24,7640000,0.49
2017-02-21 00:00:00,14.33,14.18,14.35,14.16,9470000,1.06
2017-02-17 00:00:00,14.18,14.09,14.19,14.02,7580000,0.28
2017-02-16 00:00:00,14.14,14.16,14.23,14.07,6850000,-0.21
2017-02-15 00:00:00,14.17,14.07,14.2,14.0,6840000,1.0
2017-02-14 00:00:00,14.03,13.99,14.03,13.92,9760000,0.07
2017-02-13 00:00:00,14.02,13.96,14.08,13.92,6470000,0.57
2017-02-10 00:00:00,13.94,13.99,14.1,13.94,8310000,-0.36
2017-02-09 00:00:00,13.99,13.77,14.02,13.69,7010000,1.89
2017-02-08 00:00:00,13.73,13.73,13.88,13.69,6080000,-42.04
2017-02-07 00:00:00,23.69,23.54,23.8,23.52,6510000,0.64
2017-02-06 00:00:00,23.54,23.35,23.66,23.31,5490000,0.17
2017-02-03 00:00:00,23.5,22.75,23.58,22.75,13430000,3.57
2017-02-02 00:00:00,22.69,22.26,22.73,22.26,8300000,0.44
2017-02-01 00:00:00,22.59,22.73,22.78,22.37,9740000,-0.4
2017-01-31 00:00:00,22.68,22.14,22.69,21.84,12490000,2.39
2017-01-30 00:00:00,22.15,22.49,22.49,21.99,9350000,-1.77
2017-01-27 00:00:00,22.55,22.73,22.8,22.48,6810000,-0.31
2017-01-26 00:00:00,22.62,22.96,23.09,22.62,6130000,-1.57
2017-01-25 00:00:00,22.98,23.02,23.14,22.84,7300000,0.39
2017-01-24 00:00:00,22.89,22.71,23.09,22.66,8220000,1.42
2017-01-23 00:00:00,22.57,22.82,22.93,22.39,9080000,-1.35
2017-01-20 00:00:00,22.88,22.79,22.9,22.64,9050000,0.48
2017-01-19 00:00:00,22.77,22.79,22.88,22.68,5800000,-0.39
2017-01-18 00:00:00,22.86,22.77,22.99,22.59,8450000,0.75
2017-01-17 00:00:00,22.69,22.83,22.99,22.64,5900000,-1.09
2017-01-13 00:00:00,22.94,22.75,23.05,22.74,5760000,0.84
2017-01-12 00:00:00,22.75,22.73,22.84,22.43,8270000,-0.04
2017-01-11 00:00:00,22.76,22.92,22.98,22.61,9280000,-0.83
2017-01-10 00:00:00,22.95,22.69,23.01,22.51,13490000,1.73
2017-01-09 00:00:00,22.56,23.14,23.18,22.51,14290000,-2.34
2017-01-06 00:00:00,23.1,23.57,23.57,22.41,14540000,-1.95
2017-01-05 00:00:00,23.56,23.45,23.58,23.33,11560000,0.47
2017-01-04 00:00:00,23.45,23.3,23.71,23.24,6960000,1.08
2017-01-03 00:00:00,23.2,23.19,23.47,22.98,8060000,0.26
2016-12-30 00:00:00,23.14,23.23,23.45,23.03,6310000,-0.86
2016-12-29 00:00:00,23.34,23.28,23.47,23.18,5150000,0.17
2016-12-28 00:00:00,23.3,23.82,23.82,23.29,6600000,-1.85
2016-12-27 00:00:00,23.74,23.81,23.9,23.62,3780000,-0.34
2016-12-23 00:00:00,23.82,23.77,23.84,23.68,5900000,0.25
2016-12-22 00:00:00,23.76,23.91,23.99,23.52,6400000,-0.54
2016-12-21 00:00:00,23.89,23.84,24.04,23.8,5420000,0.21
2016-12-20 00:00:00,23.84,23.77,23.98,23.65,9070000,0.46
2016-12-19 00:00:00,23.73,23.42,23.9,23.42,6800000,1.02
2016-12-16 00:00:00,23.49,23.63,23.79,23.38,20620000,-1.01
2016-12-15 00:00:00,23.73,23.85,23.87,23.67,16100000,-0.79
2016-12-14 00:00:00,23.92,23.74,24.38,23.73,9830000,-0.04
2016-12-13 00:00:00,23.93,23.84,24.22,23.75,10860000,0.13
2016-12-12 00:00:00,23.9,24.09,24.22,23.7,12350000,-2.49
2016-12-09 00:00:00,24.51,24.56,24.77,24.32,13310000,-0.53
2016-12-08 00:00:00,24.64,24.65,24.79,24.51,7100000,-0.16
2016-12-07 00:00:00,24.68,23.84,24.79,23.81,16290000,3.01
2016-12-06 00:00:00,23.96,24.16,24.18,23.89,9850000,-1.03
2016-12-05 00:00:00,24.21,23.92,24.22,23.83,10270000,1.51
2016-12-02 00:00:00,23.85,23.36,23.9,23.34,7340000,2.05
2016-12-01 00:00:00,23.37,23.78,23.9,23.33,12190000,-1.81
2016-11-30 00:00:00,23.8,23.79,23.89,23.63,14470000,0.25
2016-11-29 00:00:00,23.74,23.22,23.9,23.22,14080000,1.71
2016-11-28 00:00:00,23.34,22.97,23.39,22.88,21860000,0.52
2016-11-25 00:00:00,23.22,23.02,23.39,22.71,10650000,-1.4
2016-11-23 00:00:00,23.55,22.7,23.63,22.47,21570000,2.97
2016-11-22 00:00:00,22.87,23.1,23.34,22.61,24170000,-1.08
2016-11-21 00:00:00,23.12,23.42,23.55,22.81,23310000,-0.82
2016-11-18 00:00:00,23.31,23.69,23.85,23.27,16590000,-1.23
2016-11-17 00:00:00,23.6,23.47,23.67,23.26,10900000,0.3
2016-11-16 00:00:00,23.53,23.31,23.65,23.21,11550000,0.51
2016-11-15 00:00:00,23.41,23.47,23.53,23.14,14780000,0.26
2016-11-14 00:00:00,23.35,23.35,23.62,23.07,12370000,0.17
2016-11-11 00:00:00,23.31,23.02,23.38,22.92,9450000,1.04
2016-11-10 00:00:00,23.07,23.35,23.69,22.91,13040000,-0.69
2016-11-09 00:00:00,23.23,22.44,23.55,22.36,15360000,-0.04
2016-11-08 00:00:00,23.24,23.11,23.49,22.89,12790000,0.56
2016-11-07 00:00:00,23.11,22.38,23.19,22.37,10800000,4.85
2016-11-04 00:00:00,22.04,21.64,22.4,21.52,7720000,1.1
2016-11-03 00:00:00,21.8,22.07,22.18,21.76,7000000,-1.0
2016-11-02 00:00:00,22.02,22.04,22.17,21.87,8330000,-0.27
2016-11-01 00:00:00,22.08,22.42,22.56,21.77,7380000,-1.74
2016-10-31 00:00:00,22.47,22.25,22.52,22.22,8140000,1.35
2016-10-28 00:00:00,22.17,22.2,22.49,22.0,7510000,-0.09
2016-10-27 00:00:00,22.19,21.88,22.39,21.88,12650000,1.79
2016-10-26 00:00:00,21.8,21.53,21.81,21.47,7600000,0.93
2016-10-25 00:00:00,21.6,21.65,21.7,21.39,9250000,-0.37
2016-10-24 00:00:00,21.68,21.68,21.79,21.59,9040000,0.23
2016-10-21 00:00:00,21.63,21.7,21.73,21.45,11970000,-1.14
2016-10-20 00:00:00,21.88,21.63,21.91,21.54,10590000,0.69
2016-10-19 00:00:00,21.73,21.61,21.97,21.55,17490000,1.21
2016-10-18 00:00:00,21.47,21.54,21.59,21.1,11690000,0.94
2016-10-17 00:00:00,21.27,21.5,21.69,21.21,11650000,-1.21
2016-10-14 00:00:00,21.53,21.54,21.95,21.48,13560000,-1.06
2016-10-13 00:00:00,21.76,21.78,21.95,21.46,13810000,-1.09
2016-10-12 00:00:00,22.0,22.08,22.12,21.8,7760000,0.09
2016-10-11 00:00:00,21.98,22.5,22.5,21.89,10110000,-2.31
2016-10-10 00:00:00,22.5,22.48,22.69,22.44,9200000,0.72
2016-10-07 00:00:00,22.34,22.67,22.7,22.17,9360000,-1.5
2016-10-06 00:00:00,22.68,22.74,22.85,22.63,6550000,-0.53
2016-10-05 00:00:00,22.8,22.46,22.87,22.46,7270000,1.83
2016-10-04 00:00:00,22.39,22.68,22.93,22.26,9130000,-1.15
2016-10-03 00:00:00,22.65,22.59,22.84,22.55,11690000,-0.44
2016-09-30 00:00:00,22.75,23.08,23.29,22.59,16210000,-0.66
2016-09-29 00:00:00,22.9,22.96,23.31,22.88,9050000,-0.61
2016-09-28 00:00:00,23.04,23.0,23.19,22.82,7070000,0.52
2016-09-27 00:00:00,22.92,22.69,23.02,22.56,13120000,0.57
2016-09-26 00:00:00,22.79,22.86,22.96,22.64,8109999,-0.83
2016-09-23 00:00:00,22.98,23.13,23.27,22.91,7250000,-1.12
2016-09-22 00:00:00,23.24,23.14,23.53,23.14,10240000,0.52
2016-09-21 00:00:00,23.12,22.6,23.12,22.57,10680000,2.21
2016-09-20 00:00:00,22.62,22.75,22.95,22.62,9670000,-0.26
2016-09-19 00:00:00,22.68,22.37,23.0,22.36,12010000,1.89
2016-09-16 00:00:00,22.26,22.07,22.32,21.96,16350000,0.59
2016-09-15 00:00:00,22.13,21.32,22.14,21.29,12910000,3.6
2016-09-14 00:00:00,21.36,21.13,21.41,21.09,10980000,0.95
2016-09-13 00:00:00,21.16,21.1,21.37,21.05,12000000,-0.61
2016-09-12 00:00:00,21.29,20.72,21.41,20.63,12750000,1.77
2016-09-09 00:00:00,20.92,21.15,21.47,20.92,15760000,-2.15
2016-09-08 00:00:00,21.38,22.0,22.2,21.32,29250000,-3.21
2016-09-07 00:00:00,22.09,22.01,22.32,21.51,20540000,1.05
2016-09-06 00:00:00,21.86,22.18,22.18,21.75,8540000,-1.58
2016-09-02 00:00:00,22.21,22.17,22.3,21.94,6570000,0.23
2016-09-01 00:00:00,22.16,21.43,22.32,21.08,18910000,3.17
2016-08-31 00:00:00,21.48,21.54,21.68,21.16,9560000,-0.46
2016-08-30 00:00:00,21.58,21.93,21.96,21.45,9160000,-1.19
2016-08-29 00:00:00,21.84,21.76,22.13,21.73,5890000,0.28
2016-08-26 00:00:00,21.78,21.9,22.09,21.61,5290000,-0.27
2016-08-25 00:00:00,21.84,21.63,21.93,21.45,7170000,0.69
2016-08-24 00:00:00,21.69,21.92,22.05,21.67,4510000,-1.09
2016-08-23 00:00:00,21.93,22.03,22.07,21.88,7920000,-0.05
2016-08-22 00:00:00,21.94,21.82,21.98,21.63,4440000,0.27
2016-08-19 00:00:00,21.88,21.78,21.96,21.74,6040000,0.09
2016-08-18 00:00:00,21.86,21.54,21.89,21.54,6720000,1.02
2016-08-17 00:00:00,21.64,22.06,22.19,21.48,9770000,-1.95
2016-08-16 00:00:00,22.07,21.9,22.17,21.81,6100000,0.27
2016-08-15 00:00:00,22.01,21.93,22.19,21.9,7160000,0.55
2016-08-12 00:00:00,21.89,21.68,21.96,21.5,10560000,0.51
2016-08-11 00:00:00,21.78,21.59,21.86,21.52,7580000,1.07
2016-08-10 00:00:00,21.55,21.73,21.75,21.43,5690000,-0.69
2016-08-09 00:00:00,21.7,21.73,21.86,21.62,8060000,0.23
2016-08-08 00:00:00,21.65,22.0,22.17,21.58,7780000,-1.19
2016-08-05 00:00:00,21.91,21.84,22.2,21.77,9490000,0.69
2016-08-04 00:00:00,21.76,21.48,21.92,21.46,8930000,1.16
2016-08-03 00:00:00,21.51,20.77,21.52,20.68,13900000,3.56
2016-08-02 00:00:00,20.77,21.03,21.1,20.64,11030000,-1.47
2016-08-01 00:00:00,21.08,21.14,21.59,20.63,13900000,0.29
2016-07-29 00:00:00,21.02,20.32,21.9,20.1,31460000,3.5
2016-07-28 00:00:00,20.31,20.3,20.43,20.15,4360000,-0.2
2016-07-27 00:00:00,20.35,20.5,20.66,20.26,6550000,-0.49
2016-07-26 00:00:00,20.45,20.19,20.46,20.14,7950000,1.19
2016-07-25 00:00:00,20.21,20.35,20.49,20.19,9710000,0.8
2016-07-22 00:00:00,20.05,19.82,20.05,19.74,8369999,1.52
2016-07-21 00:00:00,19.75,20.03,20.16,19.7,9100000,-1.55
2016-07-20 00:00:00,20.06,19.8,20.08,19.73,5310000,1.36
2016-07-19 00:00:00,19.79,19.69,19.94,19.68,5530000,0.0
2016-07-18 00:00:00,19.79,19.72,19.98,19.65,5880000,0.1
2016-07-15 00:00:00,19.77,20.08,20.17,19.69,8750000,-1.1
2016-07-14 00:00:00,19.99,19.62,20.17,19.62,14920000,2.51
2016-07-13 00:00:00,19.5,19.69,19.76,19.3,6870000,-0.96
2016-07-12 00:00:00,19.69,19.43,19.9,19.43,12950000,1.81
2016-07-11 00:00:00,19.34,19.15,19.46,19.14,10160000,1.58
2016-07-08 00:00:00,19.04,18.76,19.04,18.57,10900000,3.09
2016-07-07 00:00:00,18.47,18.34,18.71,18.34,6280000,0.38
2016-07-06 00:00:00,18.4,18.0,18.43,17.92,7260000,1.1
2016-07-05 00:00:00,18.2,18.39,18.43,17.94,6130000,-1.57
2016-07-01 00:00:00,18.49,18.47,18.64,18.15,8930000,1.2
2016-06-30 00:00:00,18.27,17.92,18.5,17.88,12490000,2.76
2016-06-29 00:00:00,17.78,17.74,17.91,17.61,8260000,2.18
2016-06-28 00:00:00,17.4,17.5,17.58,17.11,13640000,1.16
2016-06-27 00:00:00,17.2,18.0,18.01,16.96,18520000,-5.29
2016-06-24 00:00:00,18.16,18.61,19.08,18.11,25420000,-7.58
2016-06-23 00:00:00,19.65,19.37,19.69,19.34,10180000,2.29
2016-06-22 00:00:00,19.21,19.66,19.76,19.19,10570000,-2.78
2016-06-21 00:00:00,19.76,19.41,19.85,19.26,11560000,1.96
2016-06-20 00:00:00,19.38,19.22,19.61,19.16,15870000,2.32
2016-06-17 00:00:00,18.94,18.59,19.01,18.49,16640000,1.5
2016-06-16 00:00:00,18.66,18.68,18.83,18.57,12330000,-0.74
2016-06-15 00:00:00,18.8,18.43,19.06,18.41,11970000,2.68
2016-06-14 00:00:00,18.31,18.47,18.64,18.21,14360000,-1.56
2016-06-13 00:00:00,18.6,19.01,19.15,18.58,10150000,-2.72
2016-06-10 00:00:00,19.12,19.31,19.33,18.9,9830000,-2.2
2016-06-09 00:00:00,19.55,19.39,19.65,19.33,9380000,1.03
2016-06-08 00:00:00,19.35,19.27,19.62,19.2,15820000,0.99
2016-06-07 00:00:00,19.16,18.84,19.25,18.77,14290000,1.38
2016-06-06 00:00:00,18.9,18.28,18.97,18.28,12840000,3.0
2016-06-03 00:00:00,18.35,18.4,18.5,18.28,9290000,-0.81
2016-06-02 00:00:00,18.5,18.14,18.53,18.1,13660000,1.15
2016-06-01 00:00:00,18.29,18.31,18.38,18.14,12290000,-0.97
2016-05-31 00:00:00,18.47,18.0,18.47,17.76,24950000,1.15
2016-05-27 00:00:00,18.26,17.46,18.34,17.46,22960000,5.0
2016-05-26 00:00:00,17.39,17.0,17.69,16.84,21730000,0.23
2016-05-25 00:00:00,17.35,18.33,18.5,17.12,43850000,6.77
2016-05-24 00:00:00,16.25,16.1,16.34,15.99,12560000,1.12
2016-05-23 00:00:00,16.07,15.88,16.27,15.87,8650000,1.26
2016-05-20 00:00:00,15.87,15.76,15.99,15.66,8980000,0.57
2016-05-19 00:00:00,15.78,15.51,15.79,15.38,6680000,0.7
2016-05-18 00:00:00,15.67,15.79,15.93,15.52,6580000,-0.95
2016-05-17 00:00:00,15.82,15.88,16.2,15.69,14590000,-0.88
2016-05-16 00:00:00,15.96,15.76,16.09,15.71,8820000,1.2
2016-05-13 00:00:00,15.77,15.9,16.11,15.69,6790000,-0.82
2016-05-12 00:00:00,15.9,16.09,16.14,15.85,5420000,-0.75
2016-05-11 00:00:00,16.02,15.89,16.36,15.88,6470000,0.82
2016-05-10 00:00:00,15.89,15.89,15.9,15.61,4760000,0.19
2016-05-09 00:00:00,15.86,15.71,15.96,15.67,4940000,0.51
2016-05-06 00:00:00,15.78,15.63,15.86,15.56,4980000,0.38
2016-05-05 00:00:00,15.72,15.95,15.97,15.64,3520000,-1.32
2016-05-04 00:00:00,15.93,15.8,16.0,15.68,6640000,0.0
2016-05-03 00:00:00,15.93,16.23,16.25,15.78,11070000,-2.87
2016-05-02 00:00:00,16.4,16.66,16.75,16.28,8460000,-1.56
2016-04-29 00:00:00,16.66,16.89,16.91,16.51,7090000,-2.17
2016-04-28 00:00:00,17.03,17.17,17.39,16.92,4790000,-1.62
2016-04-27 00:00:00,17.31,17.3,17.52,17.25,6360000,-0.29
2016-04-26 00:00:00,17.36,17.25,17.46,17.23,6290000,0.87
2016-04-25 00:00:00,17.21,17.36,17.41,16.82,5840000,-1.6
2016-04-22 00:00:00,17.49,17.44,17.7,17.33,7960000,0.17
2016-04-21 00:00:00,17.46,17.34,17.74,17.32,5970000,0.34
2016-04-20 00:00:00,17.4,17.07,17.5,17.07,5440000,0.93
2016-04-19 00:00:00,17.24,17.46,17.48,17.15,6440000,-1.15
2016-04-18 00:00:00,17.44,17.21,17.48,17.14,5660000,0.23
2016-04-15 00:00:00,17.4,17.41,17.48,16.85,11860000,0.81
2016-04-14 00:00:00,17.26,17.36,17.4,17.06,6690000,-1.37
2016-04-13 00:00:00,17.5,17.29,17.51,17.15,8240000,1.51
2016-04-12 00:00:00,17.24,17.71,17.76,17.18,8790000,-2.76
2016-04-11 00:00:00,17.73,17.95,18.06,17.66,5880000,-0.89
2016-04-08 00:00:00,17.89,17.85,18.3,17.81,7280000,0.85
2016-04-07 00:00:00,17.74,17.79,18.04,17.62,9410000,-1.22
2016-04-06 00:00:00,17.96,17.65,17.98,17.46,10390000,1.99
2016-04-05 00:00:00,17.61,17.87,17.91,17.56,8300000,-2.38
2016-04-04 00:00:00,18.04,18.45,18.45,17.93,7670000,-1.96
2016-04-01 00:00:00,18.4,17.61,18.55,17.56,14850000,3.78
2016-03-31 00:00:00,17.73,17.84,17.96,17.51,10390000,-0.89
2016-03-30 00:00:00,17.89,17.72,17.91,17.63,10550000,1.36
2016-03-29 00:00:00,17.65,17.37,17.68,17.22,5930000,0.8
2016-03-28 00:00:00,17.51,17.48,17.66,17.22,5530000,-0.34
2016-03-24 00:00:00,17.57,17.41,17.64,17.11,8870000,0.63
2016-03-23 00:00:00,17.46,17.52,17.57,17.09,11430000,-0.29
2016-03-22 00:00:00,17.51,17.41,18.08,17.34,11320000,-1.13
2016-03-21 00:00:00,17.71,17.33,17.94,17.3,10730000,2.19
2016-03-18 00:00:00,17.33,17.17,17.58,17.08,30960000,0.99
2016-03-17 00:00:00,17.16,17.13,17.33,16.96,10870000,-0.17
2016-03-16 00:00:00,17.19,16.71,17.23,16.6,12510000,2.5
2016-03-15 00:00:00,16.77,16.36,16.88,16.25,13930000,2.19
2016-03-14 00:00:00,16.41,16.2,16.57,16.04,9670000,0.49
2016-03-11 00:00:00,16.33,16.0,16.44,16.0,15680000,2.7
2016-03-10 00:00:00,15.9,15.55,16.21,15.52,14290000,2.65
2016-03-09 00:00:00,15.49,15.34,15.84,15.3,11070000,1.71
2016-03-08 00:00:00,15.23,15.75,15.79,15.21,12330000,-4.63
2016-03-07 00:00:00,15.97,15.13,15.99,15.06,18480000,3.43
2016-03-04 00:00:00,15.44,14.9,15.84,14.82,33369999,13.53
2016-03-03 00:00:00,13.6,13.91,13.95,13.28,10030000,-2.16
2016-03-02 00:00:00,13.9,13.38,14.05,13.35,10020000,4.67
2016-03-01 00:00:00,13.28,13.42,13.47,13.09,8350000,0.08
2016-02-29 00:00:00,13.27,13.31,13.48,13.2,12750000,-1.26
2016-02-26 00:00:00,13.44,13.78,13.8,13.15,10820000,-1.75
2016-02-25 00:00:00,13.68,13.45,13.71,13.24,12080000,1.11
2016-02-24 00:00:00,13.53,13.0,13.57,12.82,13230000,3.36
2016-02-23 00:00:00,13.09,13.72,13.82,12.84,14650000,-5.14
2016-02-22 00:00:00,13.8,13.75,13.88,13.57,10760000,0.95
2016-02-19 00:00:00,13.67,13.51,13.74,13.25,9410000,1.03
2016-02-18 00:00:00,13.53,13.05,13.7,13.02,11730000,3.92
2016-02-17 00:00:00,13.02,12.39,13.13,12.37,8670000,5.6
2016-02-16 00:00:00,12.33,12.41,12.49,12.27,11980000,0.33
2016-02-12 00:00:00,12.29,12.5,12.79,12.18,10550000,-0.89
2016-02-11 00:00:00,12.4,12.57,12.67,12.02,9830000,-3.58
2016-02-10 00:00:00,12.86,12.77,13.07,12.71,5980000,1.1
2016-02-09 00:00:00,12.72,12.37,12.86,12.31,6690000,1.68
2016-02-08 00:00:00,12.51,13.0,13.05,12.37,14820000,-5.23
2016-02-05 00:00:00,13.2,13.69,13.75,13.04,13230000,-4.69
2016-02-04 00:00:00,13.85,13.31,13.89,13.31,6500000,3.59
2016-02-03 00:00:00,13.37,13.66,13.77,13.11,7550000,-0.59
2016-02-02 00:00:00,13.45,13.7,13.97,13.36,9680000,-2.47
2016-02-01 00:00:00,13.79,13.67,13.88,13.53,9550000,0.22
2016-01-29 00:00:00,13.76,13.41,13.88,13.35,11360000,4.32
2016-01-28 00:00:00,13.19,13.45,13.7,13.07,9870000,-1.49
2016-01-27 00:00:00,13.39,13.53,13.61,12.96,18480000,-1.54
2016-01-26 00:00:00,13.6,13.35,13.72,13.35,10730000,1.95
2016-01-25 00:00:00,13.34,13.29,13.55,13.12,11180000,-0.07
2016-01-22 00:00:00,13.35,12.7,13.43,12.65,15270000,7.57
2016-01-21 00:00:00,12.41,12.0,12.54,11.82,16730000,2.9
2016-01-20 00:00:00,12.06,12.0,12.2,11.62,16640000,-2.11
2016-01-19 00:00:00,12.32,12.68,12.78,12.2,12930000,-1.75
2016-01-15 00:00:00,12.54,12.6,12.8,12.49,19730000,-3.54
2016-01-14 00:00:00,13.0,12.75,13.17,12.65,13350000,1.96
2016-01-13 00:00:00,12.75,13.35,13.35,12.53,17720000,-3.85
2016-01-12 00:00:00,13.26,13.35,13.42,13.09,12460000,0.0
2016-01-11 00:00:00,13.26,13.43,13.71,13.07,15110000,-2.07
2016-01-08 00:00:00,13.54,13.77,14.02,13.31,16430000,-1.24
2016-01-07 00:00:00,13.71,14.5,14.56,13.65,19840000,-7.36
2016-01-06 00:00:00,14.8,14.62,15.0,14.51,11320000,-1.53
2016-01-05 00:00:00,15.03,15.13,15.25,14.94,10330000,-0.66
2016-01-04 00:00:00,15.13,14.97,15.15,14.74,15080000,-0.46
2015-12-31 00:00:00,15.2,15.23,15.31,15.1,6770000,-0.52
2015-12-30 00:00:00,15.28,15.29,15.48,15.15,6280000,0.53
2015-12-29 00:00:00,15.2,15.29,15.44,15.18,6280000,-0.2
2015-12-28 00:00:00,15.23,14.89,15.28,14.82,5930000,1.4
2015-12-24 00:00:00,15.02,14.81,15.17,14.79,2180000,0.74
2015-12-23 00:00:00,14.91,14.19,14.97,14.05,11250000,6.05
2015-12-22 00:00:00,14.06,14.04,14.14,13.92,7290000,0.29
2015-12-21 00:00:00,14.02,14.12,14.4,13.87,9860000,-0.99
2015-12-18 00:00:00,14.16,14.27,14.38,14.0,19340000,-1.05
2015-12-17 00:00:00,14.31,14.61,14.72,14.22,7630000,-2.65
2015-12-16 00:00:00,14.7,14.62,14.81,14.55,7840000,0.96
2015-12-15 00:00:00,14.56,14.51,14.98,14.48,12890000,0.83
2015-12-14 00:00:00,14.44,14.3,14.5,13.92,11530000,1.83
2015-12-11 00:00:00,14.18,14.99,15.4,14.14,10620000,-3.67
2015-12-10 00:00:00,14.72,14.79,14.81,14.53,11350000,-0.88
2015-12-09 00:00:00,14.85,14.99,15.39,14.68,14260000,-2.11
2015-12-08 00:00:00,15.17,15.09,15.29,14.62,11620000,-1.81
2015-12-07 00:00:00,15.45,15.0,15.48,14.92,9550000,1.51
2015-12-04 00:00:00,15.22,14.39,15.29,14.24,12000000,4.1
2015-12-03 00:00:00,14.62,15.0,15.34,14.58,18910000,-2.21
2015-12-02 00:00:00,14.95,15.37,15.54,14.87,12680000,-4.23
2015-12-01 00:00:00,15.61,14.88,15.88,14.85,25110000,5.05
2015-11-30 00:00:00,14.86,14.23,15.0,14.18,29100000,3.55
2015-11-27 00:00:00,14.35,14.12,14.64,14.05,6040000,1.63
2015-11-25 00:00:00,14.12,13.91,14.86,13.84,22680000,3.14
2015-11-24 00:00:00,13.69,13.58,14.03,13.5,24110000,-1.16
2015-11-23 00:00:00,13.85,14.17,14.21,13.57,15320000,-2.53
2015-11-20 00:00:00,14.21,13.78,14.63,13.68,18560000,3.12
2015-11-19 00:00:00,13.78,13.53,13.89,13.52,13170000,1.03
2015-11-18 00:00:00,13.64,13.48,13.73,13.19,13020000,3.18
2015-11-17 00:00:00,13.22,13.38,13.49,13.12,12420000,-1.2
2015-11-16 00:00:00,13.38,13.37,13.61,13.14,13780000,-0.07
2015-11-13 00:00:00,13.39,13.61,13.76,13.15,14920000,-2.26
2015-11-12 00:00:00,13.7,13.81,13.82,13.59,20370000,-2.91
2015-11-11 00:00:00,14.11,14.2,14.31,14.09,11010000,-2.08
2015-11-10 00:00:00,14.41,14.13,14.44,14.01,14780000,1.48
2015-11-09 00:00:00,14.2,14.26,14.48,14.13,17530000,-1.39
2015-11-06 00:00:00,14.4,13.18,14.48,13.15,30050000,8.43
2015-11-05 00:00:00,13.28,13.64,13.89,13.12,22190000,-2.78
2015-11-04 00:00:00,13.66,14.39,14.51,13.61,31530000,-4.87
2015-11-03 00:00:00,14.36,14.07,14.71,13.68,40210000,-0.9
2015-11-02 00:00:00,14.49,14.99,15.17,13.86,40870000,-1.56
2015-10-30 00:00:00,14.72,15.9,16.1,14.72,2450000,-7.71
2015-10-29 00:00:00,15.95,16.01,16.27,15.55,290450,-2.03
2015-10-28 00:00:00,16.28,15.9,16.35,15.85,296320,3.5
2015-10-27 00:00:00,15.73,16.56,16.75,15.6,636020,-4.2
2015-10-26 00:00:00,16.42,17.11,17.11,16.31,514799,-3.41
2015-10-23 00:00:00,17.0,17.25,17.25,16.85,59910,0.29
2015-10-22 00:00:00,16.95,16.71,17.05,16.24,110000,2.85
2015-10-21 00:00:00,16.48,17.25,17.35,16.4,78600,-2.31
2015-10-20 00:00:00,16.87,16.25,16.93,16.25,709630,1.93
